total_value,sum_if_finalized_null,sum_if_proven_null,not_proven_2w,not_proven_4w,not_finalized_2w,not_finalized_4w
674332.8053460399,38046.69598191737,5312.300235550046,4462.931717645571,4454.09916595007,19991.533587376816,19971.289808790203
